"","EC10.GM","EC10.GSD"
"1",0.154446416129842,2.17250617664578
"2",0.140891981100077,2.02730668841708
"3",0.152548116058107,2.24114688098542
"4",0.171458178171891,2.31971694124807
"5",0.201073154671716,2.32818359993929
"6",0.172393200044161,2.17605795607685
"7",0.153730005041253,2.50917296696995
"8",0.12695052042537,2.67707508976737
"9",0.183578915647698,1.95026818620741
"10",0.166469750212435,2.28031982858369
"11",0.175086325073917,2.19691166175603
"12",0.145258078094689,2.46921568928057
"13",0.16951705482117,2.30714298386431
"14",0.153834118550569,2.34010782730864
"15",0.14048439897719,2.47370126573713
"16",0.188048592045003,2.33008605156448
"17",0.14914028137633,2.26511898881048
"18",0.146314813542605,2.05567817239909
"19",0.16881382671642,2.32729300040785
"20",0.17561689070919,2.13992980403001
"21",0.151109540138577,2.57607379866207
"22",0.145998280962966,2.11473281240746
"23",0.148613398031622,2.13147410875204
"24",0.146780558453694,2.38216904246304
"25",0.135489866330067,2.3399954467417
"26",0.158733265175598,2.39138801225337
"27",0.180776288547207,2.15731268747616
"28",0.155221830998944,2.37165359020827
"29",0.155896005587238,2.32602372088512
"30",0.142000436707449,2.0976483336088
"31",0.163580705478505,2.36475020332585
"32",0.170756157306288,2.10926230911547
"33",0.191174590528115,2.27445876170184
"34",0.156521680752276,2.16789086494876
"35",0.168320301298807,2.17525134808166
"36",0.147656353703286,2.09635065716108
"37",0.166709001707273,1.88828556855118
"38",0.165885268041111,2.27447892534127
"39",0.187425124923614,2.85450478921983
"40",0.144197270754891,2.18607717035109
"41",0.172858537134861,1.89336489323004
"42",0.178222262519329,2.40540499533823
"43",0.146689739519126,2.30537495206075
"44",0.178200301194202,2.43177078916419
"45",0.171912960041957,2.13574479665418
"46",0.133061473047128,2.51609775001092
"47",0.158235640624619,2.11669289067942
"48",0.176047392766464,2.11497411790665
"49",0.152586210858195,2.12444044852123
"50",0.186407822340722,2.20455574091328
"51",0.14603177092557,2.18949724780663
"52",0.143430880856348,2.15092846654978
"53",0.154630749389908,2.20800785327837
"54",0.116956906284819,2.80409492442232
"55",0.138496988802301,2.51736468503271
"56",0.147225086471218,2.44943876135049
"57",0.193936230707754,2.05087492064692
"58",0.147252440870645,2.07507396603617
"59",0.138142709560846,2.15638389116081
"60",0.166722259266322,1.92100128091406
"61",0.16159113551351,2.19131788461016
"62",0.170201031419106,2.39816450987921
"63",0.161823708264525,2.11001819749628
"64",0.172427102897683,1.85078016243473
"65",0.189914234166649,2.35943965415679
"66",0.17016417962961,2.03395064956142
"67",0.13897813470531,2.52665401158064
"68",0.154210043575351,2.25572786173756
"69",0.153447230256913,2.52696277882559
"70",0.133259643773566,2.7012690770288
"71",0.168670495339171,1.86254509749019
"72",0.15240780601858,2.10822070117122
"73",0.166808608738047,2.51079264825417
"74",0.170170631096448,2.21483052619457
"75",0.161798715851153,2.24470252536754
"76",0.168999190834038,1.92855029780097
"77",0.166771999533294,2.43931884755161
"78",0.138971777346749,2.37004380645705
"79",0.140140941656077,2.25113381742425
"80",0.171063100522852,2.48969481615742
"81",0.146297625811983,2.53296957561346
"82",0.168310716607847,2.24883173128649
"83",0.15600067862036,2.38195742571014
"84",0.163413003684927,2.21099089406083
"85",0.151948991562759,2.44060005454456
"86",0.152913696960444,2.15380934147987
"87",0.172600981102905,2.43320319148644
"88",0.187614013868718,2.24847455665717
"89",0.135886730995249,2.26805787327146
"90",0.168710468179299,2.09303917165015
"91",0.166397383501497,2.06248990954197
"92",0.169994224591641,2.24453656356224
"93",0.14883920341314,2.04586994517264
"94",0.161758870912005,2.08919723590607
"95",0.107819078074344,3.27863225351725
"96",0.154126831075424,2.2547579313804
"97",0.1549195236547,1.97130657962549
"98",0.174559157130449,1.96330567982298
"99",0.162251867400013,2.20830523223188
"100",0.156029745384577,2.19512070003096
"101",0.170787444819165,2.07712564473213
"102",0.184061248938622,2.05808463359341
"103",0.185480800047195,2.36321858381136
"104",0.152564480938798,2.25581426510866
"105",0.145113686703133,2.24175009336381
"106",0.157552002809998,2.21412718597148
"107",0.129518192546726,2.56979463766845
"108",0.156440073750355,2.18986508614025
"109",0.167006345848386,2.57033942192308
"110",0.14962332272715,2.51688535534788
"111",0.174483191547243,2.13927640595276
"112",0.174734023257263,2.37336853070057
"113",0.145350555933179,1.83612739420388
"114",0.149621882153141,2.10035007042114
"115",0.146290234539987,2.17738390953936
"116",0.123818420094749,2.78735922812335
"117",0.154886877344228,2.5830787529918
"118",0.139723892536828,2.73481525975215
"119",0.166632711784195,1.95144575659174
"120",0.14136010636683,2.23964831608955
"121",0.139632056501039,2.1497552978042
"122",0.138766371852927,2.46759376388537
"123",0.141078362153133,2.25887466225001
"124",0.163958406486184,2.4338607349684
"125",0.17427207133989,2.24250132297603
"126",0.154941723832371,2.3281408722541
"127",0.183533107135672,1.86005895647788
"128",0.133297675500378,2.73945541463023
"129",0.17498958869827,2.00506540831179
"130",0.143010783686822,2.39881085110108
"131",0.159548106590037,2.2913354781293
"132",0.107854077350711,2.71428908578527
"133",0.129077962923338,2.51019313878159
"134",0.136432002727928,2.52333918317338
"135",0.144752576778537,2.21214784922819
"136",0.151835655729234,2.34571275101923
"137",0.15956392979593,2.70230463736056
"138",0.170986743563609,2.18818521908929
"139",0.135455101464462,2.43276048947258
"140",0.159086595379056,2.04969168847673
"141",0.173554754107108,2.00396578700997
"142",0.172404656366068,2.21142880104727
"143",0.143537073256519,2.44846961200626
"144",0.154300015105357,2.20268133175826
"145",0.170645787931114,2.15032823907518
"146",0.18572670994201,2.06209739407798
"147",0.131609344224962,2.40847131423481
"148",0.151034210893888,2.45198081122597
"149",0.15678451835357,2.67489821259873
"150",0.159160248382274,2.21386426236104
"151",0.170457793021019,2.5164739623884
"152",0.140393544216447,2.18936238806044
"153",0.17762574104768,2.29837901259451
"154",0.160031252439296,2.25348549306345
"155",0.152449410913143,2.82078996692933
"156",0.126598919154863,2.83671614020419
"157",0.152209972847618,2.04837684002902
"158",0.172354262571272,2.27967396826718
"159",0.158038575325841,2.81439768730719
"160",0.152007730216226,2.3072668018943
"161",0.159361877977192,2.17250566459396
"162",0.13848180683598,2.43845433895527
"163",0.152462422526426,2.29348023489818
"164",0.161219462793057,2.63947517548069
"165",0.113447831785667,2.2552851642206
"166",0.155910484477583,2.08470497231635
"167",0.184635592539397,2.11019858749104
"168",0.151970957544055,2.15476901092896
"169",0.153207386725318,2.12929038668936
"170",0.174058977064457,2.26007815630205
"171",0.151664918945351,2.20831847984097
"172",0.179329564626266,2.05194758927275
"173",0.175475785812406,2.30328919903786
"174",0.157066683614251,2.03432486517643
"175",0.170701776915539,2.25067954799165
"176",0.161080657463824,2.131839191824
"177",0.190601126053135,1.5803499541535
"178",0.182115654133718,2.22620782604971
"179",0.152081351181998,2.18601901483475
"180",0.137520922337812,2.16910311164523
"181",0.144631982422936,2.24148885174611
"182",0.172597168874779,2.08066535942498
"183",0.164329952063754,2.21544145667992
"184",0.162842780711588,2.31052579532449
"185",0.162186313326802,2.05974969195663
"186",0.122351154561911,2.60345071541564
"187",0.13304623334889,2.42318821018008
"188",0.149610990598935,2.01920515611445
"189",0.136733762678398,2.73213748830677
"190",0.155489882393208,2.45949406644057
"191",0.158228810387757,2.07435028920673
"192",0.126539340844672,2.47148493762959
"193",0.149398944514988,2.00936286101049
"194",0.137380579940477,2.14273352447826
"195",0.169217569804092,2.52844012001859
"196",0.173374459947396,2.1355324047579
"197",0.157854668648727,1.99698504710496
"198",0.160968463249693,2.16186287569947
"199",0.178108753192421,2.1175695246987
"200",0.1532447701351,2.14653960979283
"201",0.151878947072997,2.5905947746014
"202",0.147447988628803,2.26959224809787
"203",0.165593700180419,2.30257360473932
"204",0.164684272617109,2.43363963997614
"205",0.148768505893482,2.69564833352277
"206",0.159042958023011,2.60350140427974
"207",0.160719380953638,2.02252353557731
"208",0.167731273569204,2.1615301116536
"209",0.168845650210748,2.21027003239029
"210",0.134899708418579,2.67935455390949
"211",0.130263283452307,2.60036116420762
"212",0.154192707469024,2.39114071588301
"213",0.161612974082062,2.52685359934934
"214",0.184816546558574,2.16568874357325
"215",0.136425810000312,2.4225457624256
"216",0.139093094181611,2.26831337138988
"217",0.182405098586377,2.40328286088792
"218",0.192190608602352,2.12875668150667
"219",0.158270307196006,2.05502302662188
"220",0.143997019379184,2.51265353299201
"221",0.165826794203866,2.38016567247389
"222",0.150785385168642,2.30480455389293
"223",0.172468742877563,2.25689263457811
"224",0.159408839805695,2.22164795179731
"225",0.159818187987647,2.20358790696109
"226",0.160850431735435,2.32035798096566
"227",0.132845348471087,2.74408456306494
"228",0.163544061994338,2.59745114424298
"229",0.16814185038924,2.61253618090753
"230",0.171132940856573,2.42250881175499
"231",0.171393314762612,2.28898838549016
"232",0.162747832880095,2.67687295163934
"233",0.129415017052133,2.69518178677707
"234",0.188322874616059,2.07887108071556
"235",0.168594576439183,2.09329826989732
"236",0.18603421978869,2.22829879330134
"237",0.186791261363596,2.14428050905666
"238",0.16210904174721,2.52348081314842
"239",0.173447874071756,2.47885075717694
"240",0.188479919410849,2.16890096930282
"241",0.155697010186534,2.21429265733805
"242",0.140914259090186,2.25298492890215
"243",0.142034639767567,2.3466611738706
"244",0.171339086014581,1.85827773462735
"245",0.146082655684537,2.20679352103991
"246",0.17195077558446,2.36905309034748
"247",0.163990478501354,2.4042293161644
"248",0.146689607123981,2.30742661094921
"249",0.148652075853225,2.20154986676059
"250",0.167831065950855,2.21993529846032
"251",0.13765885416982,2.3700355505358
"252",0.143912000045445,2.40762808755404
"253",0.151314628048829,2.95929339681013
"254",0.151629878865737,2.31750848894653
"255",0.175522606519205,2.06023597639971
"256",0.140884661623772,2.26452180507511
"257",0.176147720957533,2.02574818127527
"258",0.171538600240034,1.98717415175506
"259",0.179944893714407,2.16371415704773
"260",0.161250031955777,2.26455229158596
"261",0.13232829770217,2.48702198724563
"262",0.18217556389615,2.25418427175449
"263",0.16174794890957,1.93870568971054
"264",0.147152475523139,2.19579000436098
"265",0.181354000650672,2.8083114917558
"266",0.152153180034893,2.34736000160023
"267",0.146640366625559,1.90448344059451
"268",0.173676084625284,1.92744910204029
"269",0.179822413458919,2.44892097284809
"270",0.165714735455897,2.36396968442006
"271",0.148342187701229,1.9519403822961
"272",0.153513329649749,2.10790493040105
"273",0.169459900705018,2.28784298068443
"274",0.152478857749062,2.20645855600635
"275",0.130760471071821,3.36079808876746
"276",0.148970196198981,2.10959071596386
"277",0.123402348203914,2.51858476386594
"278",0.117222095690969,2.88157754453947
"279",0.153544211676919,2.33493043871722
"280",0.181616246553055,2.26661884092629
"281",0.175017948582203,2.23066012499258
"282",0.161495540970643,2.39078486754706
"283",0.150595157454057,2.39893448379739
"284",0.18016053976981,2.2169995914151
"285",0.190712750597982,2.25802972456468
"286",0.14308959935286,2.35461781799295
"287",0.175879129685566,2.08683001469971
"288",0.198655316759948,2.18544872197708
"289",0.179575154604599,2.31719638669325
"290",0.188257764264233,2.33678911668304
"291",0.170590886685482,2.5203772633042
"292",0.178343709439034,2.37344455037071
"293",0.145582389168453,2.38296565473229
"294",0.154986485480739,2.22396335263858
"295",0.155654660566085,2.44996284086784
"296",0.148837884097805,2.71262830694448
"297",0.15063203374942,2.2047741937577
"298",0.171626029566854,2.30543098425769
"299",0.171503130689072,2.32899529150341
"300",0.178686611481892,2.85124357611369
"301",0.17240815915598,2.12547846193817
"302",0.159099054762108,2.10278535786162
"303",0.151724888119188,2.4517185285152
"304",0.163367340608877,2.36603790207883
"305",0.161567822991629,2.43421354785233
"306",0.147281383791068,2.06630995695128
"307",0.134711513281384,2.61143453137447
"308",0.164946835018448,2.14547688387544
"309",0.16570612690702,2.00462853158205
"310",0.159492102601166,2.19182204259947
"311",0.166344418747701,2.42374786917836
"312",0.162896882744863,2.25751093014284
"313",0.15501694544006,2.3092650210505
"314",0.141945245984306,2.27905132485121
"315",0.16009340270796,2.70728072950907
"316",0.16320498536191,2.24177234578501
"317",0.156476332319438,2.36138848842041
"318",0.171801634424449,2.32544827692945
"319",0.167033128167382,2.53951600714613
"320",0.126914519146473,2.29297460822448
"321",0.185415882947792,2.19636125938894
"322",0.156201547886512,2.88574438478713
"323",0.154512416565654,2.17217027868926
"324",0.146010859232486,2.1550306560361
"325",0.173277195421753,2.2394704045848
"326",0.168248741540456,2.09613113821588
"327",0.177288127001784,2.17964461105777
"328",0.161090490436019,2.31943381384652
"329",0.150264110019571,2.62908953250657
"330",0.167055023712385,2.27218572315133
"331",0.160743913317754,2.25965503445476
"332",0.171618666923913,1.99987244806117
"333",0.163929768888478,2.15425895074583
"334",0.156687336749725,2.31042129803932
"335",0.159437613706758,2.0028939640392
"336",0.186589339727647,2.31482542983623
"337",0.154058280400069,2.24434654490858
"338",0.15513241585638,2.39582764670766
"339",0.177749889993677,2.30520770771117
"340",0.16808803658504,2.30615895051581
"341",0.188551015207793,2.13568531718164
"342",0.154019393102595,2.26345293692121
"343",0.170738988318149,2.00655392248466
"344",0.141715345212856,2.14597200333111
"345",0.157320740709362,2.64227855802143
"346",0.191942380614826,1.84898199659851
"347",0.169333442502912,1.91820144801022
"348",0.154423017517672,2.27239739835322
"349",0.169553887399568,2.21760018711038
"350",0.136343141937521,2.15346113027691
"351",0.176281138517999,2.14855849214624
"352",0.170961239272629,2.35487314612993
"353",0.159819047435676,2.18151865894299
"354",0.136833296075063,2.3676066320232
"355",0.14240877547304,2.02906183537142
"356",0.16837234329233,2.36551459508258
"357",0.174146488413595,2.51286793853162
"358",0.160063884711427,2.6308271731771
"359",0.146722640956325,2.5688912560772
"360",0.133951484247531,2.42809679042312
"361",0.148189285580969,2.16559032290184
"362",0.1634933223282,2.19830196004142
"363",0.15996287816763,2.14735533757884
"364",0.123549648511122,2.6512549719049
"365",0.166428287622995,2.35730008898451
"366",0.141153013817618,2.44796157043704
"367",0.165959501699493,1.96520472841353
"368",0.191825864081663,2.33634273240838
"369",0.152057933458902,2.11936464812159
"370",0.147098373377826,2.12395954705179
"371",0.187631184810024,2.36546770981292
"372",0.178525734693664,2.92927012986668
"373",0.144093700759764,2.13708396413374
"374",0.142084905743559,2.1904770897235
"375",0.167480117674615,2.40228163510981
"376",0.163483246610569,2.42154084525131
"377",0.172421581570497,2.27993510809724
"378",0.18914896262281,2.12067855633694
"379",0.145629108061957,2.7689154115435
"380",0.183518268003987,2.38682225533806
"381",0.14733340976748,2.34744306441254
"382",0.16423275722748,2.22954255073352
"383",0.176706233180698,2.43714197744782
"384",0.15100055033984,2.66966071461101
"385",0.126013271875819,2.98986956501916
"386",0.178438082159722,2.0824839293923
"387",0.164968664063994,2.04688863839655
"388",0.156465921056562,2.27614030375544
"389",0.161006334023148,2.07862173151706
"390",0.166994508915873,2.55652741539801
"391",0.163508392610112,2.01332931629599
"392",0.160363698870646,1.99760894842698
"393",0.13532867295172,2.36408716544858
"394",0.14332738118208,2.37294770856809
"395",0.133998755421716,2.69399338514853
"396",0.168451584798221,2.24460558715363
"397",0.158876273353032,2.55164987466344
"398",0.151211040574464,2.11632607563602
"399",0.146118869481809,2.97857716308554
"400",0.142399816513371,2.18385119986587
"401",0.174154649455547,1.94888777289423
"402",0.147827912707828,2.58246017315157
"403",0.159635989913212,2.13554312793682
"404",0.117648404814316,2.92096345743825
"405",0.14806010688868,2.53889755951915
"406",0.158128096857161,2.51722796730621
"407",0.143130283200135,2.08009254170642
"408",0.146366100564184,2.74712786802052
"409",0.140178272569284,2.32681900891872
"410",0.170268972461625,2.44321070440909
"411",0.152526156895605,2.67649699006446
"412",0.150736356729186,2.32986530326191
"413",0.179271300879839,2.27461406410858
"414",0.170695559172551,2.06106046649784
"415",0.151775245961412,2.16505829660453
"416",0.179658636537545,2.12999513969617
"417",0.16688703716727,2.196629914506
"418",0.133038273839636,2.31959490524552
"419",0.178770391146735,2.23571538062754
"420",0.141713543267579,2.53254735745804
"421",0.148585384448831,2.62605164029941
"422",0.131721701641877,2.43605916336415
"423",0.184714054288797,2.53965487710298
"424",0.161938761590611,2.22723486136851
"425",0.158557951182121,2.1539995364579
"426",0.155818352265898,1.98035403189589
"427",0.173256549013449,2.14558597613911
"428",0.153497415729766,2.41664827162795
"429",0.165775094564985,1.91349886817996
"430",0.145492192350007,2.43973963917112
"431",0.183682578726826,2.00724884792249
"432",0.155606182156106,2.5276137562538
"433",0.145123809842242,2.11171821224494
"434",0.176856511675043,2.38482358394273
"435",0.145547122939202,2.18215991597702
"436",0.140805974087135,2.65061000638215
"437",0.17209058495401,1.9195566722047
"438",0.170650400560826,1.85397580829314
"439",0.186328631426167,2.39788302994032
"440",0.157691147486246,2.27647033862131
"441",0.153499856847953,2.20711125674417
"442",0.183668140745787,2.15463491046268
"443",0.140722491376504,2.59624933205977
"444",0.172500190021103,2.08403312392107
"445",0.188538112199929,1.93880286789496
"446",0.172701874289909,1.98504463078323
"447",0.181494357872811,2.28969915459448
"448",0.157690316003264,2.20164610282005
"449",0.144209732490741,2.62937625354799
"450",0.147578729763196,1.89256926302128
"451",0.190554602118439,2.09346307925614
"452",0.164502796901217,2.12120851847198
"453",0.167927936502592,2.00395795939889
"454",0.16741978178877,2.42315552076787
"455",0.184586759379728,2.44049607866847
"456",0.188876887395044,1.941210146613
"457",0.161800046212046,2.30744706623445
"458",0.161610011493113,2.23290378806557
"459",0.184681366185035,2.10408965957835
"460",0.169443170940857,1.87013367048084
"461",0.159427573983301,2.18587069753472
"462",0.14420720932148,2.62774396630464
"463",0.128684230760995,2.05154281875147
"464",0.165665347654946,2.19239828876641
"465",0.156696697353808,2.18279640833253
"466",0.212196853226341,1.9338658747656
"467",0.141478627053829,2.92906658694003
"468",0.154745203528306,2.20025118736314
"469",0.148533756065065,2.21174421806497
"470",0.13823255016924,2.25794657614909
"471",0.1304208806655,2.34031761901303
"472",0.14976673874434,2.37110079665176
"473",0.174217606224144,2.42015738435255
"474",0.163877280569793,2.11645512857553
"475",0.148487750963395,2.32339163849477
"476",0.159276243214858,2.07917253551271
"477",0.140911280686519,2.55073341571611
"478",0.173480820797324,1.99096007254835
"479",0.159478829597412,2.365821001112
"480",0.156439101846299,2.08015952125274
"481",0.156040365383969,2.13526298136332
"482",0.183519498815459,2.6979666557192
"483",0.140337971537046,2.62044453610346
"484",0.148892598242142,2.36672491802177
"485",0.167914786247511,2.3960961038449
"486",0.132701083077142,2.20155795989234
"487",0.165156125686395,2.10573649085479
"488",0.144656914700073,2.08372004621843
"489",0.14385795814109,2.1910157325828
"490",0.156669463970502,2.01548073260786
"491",0.157003515326303,2.50577197743712
"492",0.176590273784677,2.15990708956818
"493",0.160468753726151,2.56527661304311
"494",0.138002471880068,2.61991159852904
"495",0.192532270090794,1.77767036475559
"496",0.150802731255347,2.2495063770038
"497",0.15176339015862,2.031504677612
"498",0.161046201602262,2.11833847028015
"499",0.158365314062222,2.24515535313591
"500",0.142953734045508,2.36677862752258
"501",0.144028836154667,2.0553598490234
"502",0.142077670199667,2.39769262120855
"503",0.106825829048154,2.90420129169469
"504",0.1409423006676,2.18774428306364
"505",0.16507363289602,2.37532263135317
"506",0.172223099850753,2.11789097398658
"507",0.146941427330877,2.21044795023162
"508",0.164144722570969,2.16554559741559
"509",0.162657333751367,2.15852874769037
"510",0.158927761142956,2.70287590185401
"511",0.168845972188424,2.32127850654303
"512",0.146693448755431,2.34130861380266
"513",0.121518311991234,2.31324843913949
"514",0.162265583011615,2.08977370868122
"515",0.16849828512535,2.33551157546681
"516",0.136221349440009,2.48234060561889
"517",0.164828888360774,2.46103687777319
"518",0.184927593059124,1.83255060949061
"519",0.148729585197853,2.27248472521714
"520",0.175754465049675,2.21657957971332
"521",0.175557547100222,2.31811564581996
"522",0.17735179714207,2.3217836478739
"523",0.162169129277611,2.49007244911712
"524",0.149565120261293,2.06013292958924
"525",0.152941333556573,2.24457635288527
"526",0.141773853248641,1.94044049430177
"527",0.161875273001385,2.10847463135945
"528",0.161436425153125,2.22486255413686
"529",0.175836991423826,2.30700043426001
"530",0.190080466529607,2.17443033871235
"531",0.160110164217417,2.37844446780073
"532",0.177439823307244,1.90092946936318
"533",0.148820876116297,2.5468924191759
"534",0.15015923362578,1.83878807682163
"535",0.148832817513231,2.50734775595886
"536",0.156740336837892,2.40275273414399
"537",0.151529547426817,2.02488636609185
"538",0.148393746982924,2.49125773834902
"539",0.175785228586387,2.07280123973104
"540",0.180524636879221,2.41461625820976
"541",0.171930196854318,2.08636125601813
"542",0.14334878898829,2.81314496251568
"543",0.190698135663596,1.97426768925472
"544",0.131183429130494,2.17918923678251
"545",0.160994804612174,2.0897617190574
"546",0.111105334387484,2.58550894903059
"547",0.163060731401929,2.30656737895786
"548",0.152894201350987,2.16035831253447
"549",0.202730606768568,2.20943484488914
"550",0.145545628261924,2.22309689154864
"551",0.126083218344754,2.78398840700979
"552",0.165453351657608,2.19011075078511
"553",0.121530019368091,2.90606827942324
"554",0.117383447725799,2.34863231172946
"555",0.156055423764536,2.22404832008683
"556",0.167821042175452,1.81990831425217
"557",0.166589990909018,2.16449442043252
"558",0.13308275088225,2.21217606330904
"559",0.150549153983937,2.027997389526
"560",0.189114255442576,2.23433766386926
"561",0.137922048145294,2.43701181085909
"562",0.160223045281568,2.26394819891085
"563",0.196586637084599,1.93738407547903
"564",0.13168616967136,2.07866094222688
"565",0.162779833264577,2.86400153177302
"566",0.140724503111874,2.50730124662324
"567",0.154787933470577,2.3445796479837
"568",0.158487642172125,2.73722022530427
"569",0.182289577859976,1.8818194162994
"570",0.20388928633111,2.15887964318395
"571",0.181049436858126,2.35990298244385
"572",0.159682375740985,2.23591884726445
"573",0.148591314942842,2.15197783736069
"574",0.143046505262432,2.38040375618966
"575",0.165546675642898,2.6557925832964
"576",0.151241296215024,2.54669274704587
"577",0.154251579500677,2.4862317357504
"578",0.141917953909562,2.33039019245588
"579",0.180341819948841,2.06619829723244
"580",0.141012744202406,2.21156899712183
"581",0.147445130285745,2.22542837818103
"582",0.155059298448058,2.32447018687557
"583",0.169528622413293,2.43504248779293
"584",0.160907335790237,2.46056170520537
"585",0.162096149729011,2.14896688194017
"586",0.155192276092853,2.31075448096081
"587",0.118346125155362,2.32753331394588
"588",0.160343843194018,2.45843913627766
"589",0.164917066676709,2.4183823021127
"590",0.169174869560832,2.04663952005218
"591",0.162019667598592,2.25328480106708
"592",0.166876871811081,2.55169269349404
"593",0.182797696334401,2.08805329951537
"594",0.147019291732781,2.52611499835549
"595",0.15378693301546,2.29406852855297
"596",0.18035716208474,2.1720357106644
"597",0.182633523523116,2.06806956043537
"598",0.160466071381902,2.51056955361649
"599",0.144946317779381,2.44433296817275
"600",0.150925070422637,2.39002278956934
"601",0.164416950700641,2.00385670079483
"602",0.195015676667191,2.28518907528191
"603",0.166109207327937,2.31043675346084
"604",0.164982119746002,2.05702142426659
"605",0.14403322105857,2.76682747885689
"606",0.15854231846329,2.20329411650731
"607",0.158540221999175,2.41990819287372
"608",0.14966522783563,2.28117434216658
"609",0.154934394302337,2.27155664255174
"610",0.158759085627353,2.44859542396417
"611",0.179745866404047,2.28602358658636
"612",0.183308788938575,1.91591514879684
"613",0.17274326454359,2.45700332426435
"614",0.152830638850575,2.22802999312079
"615",0.149933892887606,2.53287082348918
"616",0.15321263949592,2.93672256079111
"617",0.170505448106501,2.10761661851676
"618",0.160204042056711,2.07758085369942
"619",0.162764906968902,2.29365788831339
"620",0.123507354511581,2.75734072672877
"621",0.154253835014457,2.37636693315739
"622",0.138482874587766,2.35780961582417
"623",0.157625698383509,2.09958492509829
"624",0.142930158391543,2.35682779774321
"625",0.184979076043767,2.16549358045473
"626",0.166861281483199,2.11848018543537
"627",0.153080754846772,2.3222478222256
"628",0.150003191209153,2.65258578356856
"629",0.161801044501622,2.05173765526179
"630",0.137732748948593,2.28122114709314
"631",0.140609345457251,2.14252004572893
"632",0.185418654938891,2.2078458022056
"633",0.142154692741391,2.32064007219163
"634",0.170189755138077,1.93979366289798
"635",0.15289987310506,2.22651446676937
"636",0.165777880359775,2.68909256962421
"637",0.141653680133411,2.22612231763106
"638",0.147200221551136,1.98210112886339
"639",0.135193768261701,2.21156522768738
"640",0.195330896880224,1.94754800832612
"641",0.158255921393026,2.16996793094156
"642",0.141782968920472,2.29825375338505
"643",0.190481788465978,2.28465185663252
"644",0.147874207879704,2.26631551988062
"645",0.125573115933413,2.44807383089726
"646",0.157439475627553,2.40980548614688
"647",0.151858089488729,2.21947639338313
"648",0.13966259225659,2.41830227067943
"649",0.173266801079246,2.39620574376517
"650",0.122921018921456,2.5069230582235
"651",0.16060035748008,2.18999401678273
"652",0.176473193942227,2.46331265002914
"653",0.136279785622958,2.79600608150871
"654",0.143566382695313,2.15168866356009
"655",0.174530619933976,2.12201251007862
"656",0.163958166693203,2.05770811980342
"657",0.174872970652634,1.95702787194551
"658",0.14712331738532,2.12920625203581
"659",0.139860305723208,2.23244299122922
"660",0.191302390376514,2.08932456081047
"661",0.126943699515203,2.24305260061737
"662",0.162105250153436,2.88657864087873
"663",0.155437021403386,2.69887992354145
"664",0.148546860482245,2.25125586437771
"665",0.155628546524846,2.00454288695466
"666",0.14849166174252,2.26723044891164
"667",0.143952691795991,2.68541155118763
"668",0.1649307580267,2.25156079351092
"669",0.155880779847592,2.14669663709685
"670",0.187860480918281,2.02441966125756
"671",0.13822721567257,2.1619053666557
"672",0.180593014295882,2.4034946535434
"673",0.140891225136803,2.40307441089915
"674",0.157533686984157,2.04920851304525
"675",0.139069250573128,2.57232827618824
"676",0.153085533738003,2.29969779922813
"677",0.122676343761393,2.53798212817168
"678",0.163264717667538,2.17639684861594
"679",0.144307791721676,2.3547415089538
"680",0.172362372127159,1.89433043519957
"681",0.183307852645225,1.99302263578783
"682",0.140796183611759,2.05961667043457
"683",0.148182414361245,2.37341082659721
"684",0.179374235449201,2.32012382587404
"685",0.150351753004033,2.04290754423151
"686",0.180755879386758,2.09737754896505
"687",0.159781833812325,2.50541714930334
"688",0.18074793667649,1.92863029588253
"689",0.157226831585518,2.16348705372431
"690",0.146552892779828,2.43106618102598
"691",0.163420644741678,2.42525776544704
"692",0.188096023374075,1.90786284967451
"693",0.160000440313102,2.40330736938478
"694",0.163148538113941,2.1243000317688
"695",0.141830130997467,2.22256273255221
"696",0.186890472193625,2.29910290824935
"697",0.127553038808514,2.64450408423698
"698",0.165640615896482,2.4242592419438
"699",0.16862383875789,2.88038021560991
"700",0.155910049199389,2.29012016995662
"701",0.1662138426062,2.03277265225204
"702",0.193720781530515,1.98995947469807
"703",0.163056561743158,2.132407331522
"704",0.14424387163962,2.01913011899157
"705",0.139298414333156,2.4737893374387
"706",0.176776827232817,2.03994329081934
"707",0.169510663106344,1.84400482348344
"708",0.159677839448819,2.30957009356415
"709",0.14975484680927,2.21003449523832
"710",0.160393437567492,2.20349222153721
"711",0.150518527014926,2.22563340127344
"712",0.163318049916653,2.25956266177461
"713",0.1672213810873,2.00637477320771
"714",0.183065759377012,2.42668497145939
"715",0.159221995054278,2.00533353665365
"716",0.15463820896534,2.68297113562852
"717",0.141925028563783,2.36705449751925
"718",0.151106007126797,2.74465116987373
"719",0.174597381757808,2.0923897343901
"720",0.134694608709959,2.32500164478848
"721",0.142128907398637,2.18534689440305
"722",0.134951160176146,2.53363547358795
"723",0.155712123686519,2.48197408083363
"724",0.139402133661459,2.48996924034065
"725",0.145368995170279,2.38592325833655
"726",0.156597224258435,2.73512527857579
"727",0.144234999148038,2.27800367177589
"728",0.168022165833495,2.00657964814434
"729",0.156203360623673,2.38482556847353
"730",0.15475807412467,2.1903473005561
"731",0.155120166764869,2.13949027442013
"732",0.12416211188224,2.29060451256992
"733",0.174154123277938,2.11204098935813
"734",0.177579492477726,2.47624379038446
"735",0.150350963465084,2.14183594851366
"736",0.168641547247172,2.59938654505472
"737",0.149229885682246,2.47276450528551
"738",0.174101029644105,2.28002151751769
"739",0.140405773257974,2.17160793081629
"740",0.197663855227153,1.94076229282651
"741",0.170245556554997,2.1679480656328
"742",0.143710213973678,3.46948321257241
"743",0.15845812832253,2.30344243076037
"744",0.124673474105675,2.25612569599019
"745",0.176614805487035,2.36112551692088
"746",0.159055010108628,2.08921413304857
"747",0.146024725206531,2.29154439394891
"748",0.169010081560843,2.39766491628189
"749",0.145411373355083,2.32858979915895
"750",0.181412036318189,1.8262777850829
"751",0.140338353082738,2.57532699224619
"752",0.15288649117423,2.64322410171698
"753",0.157289150662021,2.29699694883155
"754",0.155333465554,2.0767166041854
"755",0.175758969078416,2.33672370829714
"756",0.165835172393454,2.40122933520501
"757",0.150155694990254,2.35665996984492
"758",0.143284965424728,2.39236757088024
"759",0.156759565959732,2.25057814100511
"760",0.161484034064934,2.37640284003541
"761",0.161280924803311,2.3775674182821
"762",0.182237433820502,2.3858520124955
"763",0.154613053158579,2.57425023333851
"764",0.163264191642855,2.31301921602989
"765",0.122487091733069,2.58270314016015
"766",0.148569456423674,2.40379960554851
"767",0.185399269099253,1.96155996567214
"768",0.139952460572179,2.68211874652758
"769",0.182181066382251,2.33104105882124
"770",0.151927098225674,2.47594644828827
"771",0.173557782107352,2.15392793552152
"772",0.13222444987429,2.43251673926199
"773",0.124924015214245,2.8849054115923
"774",0.127550076429453,2.42177599694468
"775",0.159778531442004,2.09221129060404
"776",0.143286278013626,2.11399817459963
"777",0.196382977594713,2.07257177846351
"778",0.167451238948217,2.27049582989284
"779",0.148396419671985,2.42138735067041
"780",0.16685558538591,2.5678759217691
"781",0.136719760754362,2.21515204813566
"782",0.18603768802624,2.18664793698994
"783",0.160400364277308,2.60774865441865
"784",0.166633909969524,1.95417695227675
"785",0.149824123795239,2.10169347582258
"786",0.160473179859344,2.14289160819348
"787",0.168934427777439,2.6058471701485
"788",0.146252755346413,2.44159128127141
"789",0.13757405058687,2.40586795374369
"790",0.169280568887659,2.241477257288
"791",0.155175308669887,2.26455454407467
"792",0.154481986391846,2.2898904805393
"793",0.229090321208256,2.18889065608397
"794",0.171300755783015,3.00638649218863
"795",0.130729817238499,2.28750880157754
"796",0.16508346857859,2.41386970154737
"797",0.151565237304205,2.02649935198058
"798",0.141624443314219,2.44304379935556
"799",0.137144069380061,2.21317414273179
"800",0.15781825953293,1.95574576629028
"801",0.173604273122308,1.92212739470799
"802",0.133742020685094,2.14541593491546
"803",0.136786367368364,2.30822807613246
"804",0.129553961142265,2.71631710542144
"805",0.186965239375761,2.09491650051455
"806",0.183620346491092,2.17407856990502
"807",0.104003926873565,2.86476364255019
"808",0.148500217563139,2.77578355090742
"809",0.151962660365569,2.25617659531147
"810",0.163417894152381,2.35274244778654
"811",0.129889979491553,2.55412758544795
"812",0.175718929918947,2.02993594480981
"813",0.14877291044059,2.67944732021205
"814",0.145636424113278,2.60558537878581
"815",0.178996859701555,2.05145573645586
"816",0.143048340261101,2.25974219581504
"817",0.135943910456892,2.32338419306419
"818",0.133070124131578,2.41537533176879
"819",0.144479258984218,2.18015079989099
"820",0.127820131739484,2.40016653943613
"821",0.156618685418813,2.4915274346988
"822",0.172587845600886,2.05091955846915
"823",0.170375331752769,2.20135460784356
"824",0.136985531165063,2.20076148986246
"825",0.169365456657489,2.32715134211256
"826",0.175779467980362,2.02878408353681
"827",0.142635651822704,2.07970830820527
"828",0.136036378403714,2.21939062736221
"829",0.160254670195043,2.55270824461044
"830",0.160290885726923,1.9828240768371
"831",0.13970397790887,2.15634697357943
"832",0.145255744844998,2.50688402589636
"833",0.156410129350116,2.20972575182236
"834",0.165531434693135,2.11351460062281
"835",0.191495602941753,2.11674868815226
"836",0.173029830028639,2.16547877049253
"837",0.175455913728358,2.07928760684799
"838",0.172410134285221,2.15240487194633
"839",0.160829443817378,2.00720923929895
"840",0.135086787404277,2.26451487827927
"841",0.126213038732494,2.54792970436756
"842",0.134228514798797,2.45511649628431
"843",0.158352792067173,2.31255212530854
"844",0.146500102760923,1.99189065443432
"845",0.161462540762379,2.17518252977727
"846",0.164587800216526,2.414250897751
"847",0.152657724663075,2.13377791918228
"848",0.123537073047946,2.70866018514201
"849",0.169988085524663,1.971747207849
"850",0.159022826649506,2.41930089470577
"851",0.154986160531614,2.28863093409658
"852",0.16657547537178,2.48743459693509
"853",0.149738548984031,2.60026272139713
"854",0.166844228490061,2.41134742633498
"855",0.194590055067966,2.71374048090906
"856",0.169760069028845,2.655843394717
"857",0.192595004808659,1.83252954548757
"858",0.153970246196742,2.14465737023189
"859",0.141650393572722,2.24597496106325
"860",0.139323460195233,2.14341676905767
"861",0.146409320664222,2.09564239038993
"862",0.155506512843297,2.29677668186201
"863",0.146862090825151,2.2328368359619
"864",0.186514566512668,2.16078285179545
"865",0.180685981453954,2.32874558241397
"866",0.160719351237487,2.08837053385636
"867",0.204688840080376,2.12936104786365
"868",0.147318517109081,2.6316904776266
"869",0.181384386562772,2.17950847530722
"870",0.147320867236448,2.26302308974968
"871",0.156948893730268,2.52040973093939
"872",0.149755874809602,2.14559015371337
"873",0.151402598924041,1.94803053305044
"874",0.171598616145207,2.29648358737481
"875",0.158581398403673,2.14208206173783
"876",0.170295032287448,2.34541575669452
"877",0.174936956323856,2.40634703192902
"878",0.151521817135914,2.42682661953863
"879",0.140871839937968,2.05558594350519
"880",0.151548033986677,2.14752429059306
"881",0.185224957185351,1.99800719889894
"882",0.164881076889245,2.36157537694262
"883",0.162847692409252,2.31559647573663
"884",0.158940736513444,2.32290233787036
"885",0.17022743949965,2.09979309733288
"886",0.128812282284709,2.08481963428183
"887",0.156544946270327,2.198898667797
"888",0.136921959513422,2.52661222802816
"889",0.175921742704901,2.29605611208793
"890",0.137134778053789,2.95381829140092
"891",0.166157114252717,2.5615244576123
"892",0.138910051219133,2.04438487487312
"893",0.179514174953859,2.36638642248485
"894",0.182264308655253,2.23369834732851
"895",0.154943081301571,2.41589018295045
"896",0.145895887840394,2.28541746773735
"897",0.202987703422945,1.86284893937529
"898",0.193276931066014,2.01762851036739
"899",0.145154157466516,2.27746632355495
"900",0.137434783306286,2.45205408299903
"901",0.17424831863664,2.35729038307073
"902",0.171608247314855,2.03170461827032
"903",0.157502757436307,2.2546222555714
"904",0.194779186146775,2.06163409503469
"905",0.180615283376985,2.33676149284019
"906",0.173119227399053,2.08025989135968
"907",0.152624277899735,2.48045938418219
"908",0.141417742481712,2.32977876383514
"909",0.174526695505192,2.33853482102439
"910",0.143590978015426,2.35679915585394
"911",0.173250477605609,1.96488680066634
"912",0.16326051954421,2.4041345638273
"913",0.132438276307193,2.25067614156371
"914",0.166611476044904,2.34930598488716
"915",0.142820699119952,2.32270933840781
"916",0.158994319584531,2.44406565106463
"917",0.167092899855071,2.08438951599765
"918",0.143180020893003,2.33978365297602
"919",0.133718892447984,2.36527342456064
"920",0.125288226732525,2.84898034326682
"921",0.153328524571199,2.34267357231752
"922",0.141855168880177,2.55341639615472
"923",0.16851801492356,2.38026990275797
"924",0.170576534037902,1.93365687166882
"925",0.16474256619725,2.21435840882144
"926",0.164974344704128,2.2541014184449
"927",0.156102211754275,2.47038170494499
"928",0.158168824812557,2.21427848188137
"929",0.151830663009119,2.00121991489663
"930",0.15481958484612,2.24499002967994
"931",0.133491989057331,2.70535052169403
"932",0.143066095378293,2.13478232932192
"933",0.140115923793557,2.17096453940693
"934",0.187934582977141,2.14046548829949
"935",0.143743645971431,2.14392155889634
"936",0.182774601168613,2.06313989319806
"937",0.170619659315935,1.97670380463913
"938",0.163530618581907,2.4233861288844
"939",0.174375139265218,1.90997641344127
"940",0.170497681906914,1.79536553235161
"941",0.170223285656954,2.13500857397138
"942",0.147892460827091,2.34929556866064
"943",0.160936200055487,2.30921963376656
"944",0.155171843648378,2.72601764895271
"945",0.135680294142148,2.57694159883741
"946",0.18617792327459,1.8170009499368
"947",0.154353174791787,2.27601380035633
"948",0.187808556106957,2.32557664196445
"949",0.152854061978735,1.88774709775687
"950",0.167019616986411,2.02183713411217
"951",0.150277391539348,2.41813068586652
"952",0.117760622127667,2.487287765281
"953",0.177304246892619,2.16027035421603
"954",0.159386979549621,2.42885289562715
"955",0.205807666199517,2.32658893631922
"956",0.130509393625846,1.82885997278222
"957",0.178674926033144,2.13061922416388
"958",0.157483251352282,2.28464059450825
"959",0.159871134877097,2.55311760002354
"960",0.174997640800033,2.08310132164991
"961",0.127949852728068,2.20019274136409
"962",0.14019407016419,2.36302284910366
"963",0.157611884325286,2.18674298724059
"964",0.175495063159178,1.91588507841147
"965",0.122821385661134,2.7911332653746
"966",0.173613563197438,2.03779804193127
"967",0.15533918703868,2.15344311426704
"968",0.162192694246761,2.15297512367497
"969",0.153062594816117,2.18248726721666
"970",0.16927138560567,2.01399545786886
"971",0.150658245335614,2.04264849961409
"972",0.156685838495379,2.17242488011173
"973",0.167028128663219,2.18938561995896
"974",0.187657172445711,1.70805316014238
"975",0.145131253603865,1.90328381607766
"976",0.168838881529799,2.13144525479663
"977",0.188636364477661,2.07371855423797
"978",0.153990645544351,2.3970895901854
"979",0.174425624055423,2.53922410980052
"980",0.156497924951797,2.3369238366658
"981",0.173532023271486,2.04288537836069
"982",0.162141166881781,2.04539057128342
"983",0.149376930290643,2.4108914761134
"984",0.157520510921611,2.23698929967789
"985",0.153989254862816,2.56722572411275
"986",0.137522731152937,2.54309021612305
"987",0.144094237573385,2.43105907827364
"988",0.134287677735044,2.48848204770336
"989",0.179036512613749,2.01929174596777
"990",0.172023368362484,2.40345689212629
"991",0.152183843285585,1.95180211320744
"992",0.172910484229312,2.17126511973702
"993",0.173171242096922,2.55160556566965
"994",0.150516240891056,2.34424727285699
"995",0.152923759363538,2.22608465303364
"996",0.1548246825666,2.25867927464523
"997",0.157875363452979,2.40698063625628
"998",0.178937502538397,1.81746566070125
"999",0.128621894390121,3.23167158875173
"1000",0.152620513139252,2.08471055034502
"1001",0.147551329724705,2.15645255929307
"1002",0.156702594027512,2.17316128897009
"1003",0.156710904092803,2.66803059945823
"1004",0.181489205266087,2.11226940270457
"1005",0.124398623603678,2.36539500230902
"1006",0.166235107153343,2.44135213263464
"1007",0.215087033015665,2.15149675169388
"1008",0.168642823832314,2.06578813575347
"1009",0.146300491451204,2.44606119769637
"1010",0.171271021751151,1.88111014422761
"1011",0.132717527183007,2.56809373771395
"1012",0.164943364351878,1.92433696974897
"1013",0.193502635117353,2.12988762921362
"1014",0.157549482057207,2.2611533747988
"1015",0.153770265849374,2.64812074021505
"1016",0.145855489967234,2.42131748065916
"1017",0.195039440647713,2.22951152266394
"1018",0.140975446683368,2.25014780005149
"1019",0.179527537863751,2.02331285344546
"1020",0.168681640413778,2.52887274224603
"1021",0.194747107791636,2.11390458149434
"1022",0.161440893524169,2.51698903843641
"1023",0.144237346915729,2.56290853838702
"1024",0.216094552135143,2.42506804748132
"1025",0.173243710637401,1.91206581166077
"1026",0.152597359348736,2.3402418811081
"1027",0.180160453667963,1.76810948935192
"1028",0.159383689443666,2.33466272990948
"1029",0.130491333391921,2.19766955148106
"1030",0.177171127436641,2.22017376462406
"1031",0.136530185461918,2.32657062921696
"1032",0.173945162931924,2.62401402232257
"1033",0.171709258822852,2.33755273547964
"1034",0.14857082708762,2.00536705692214
"1035",0.139970532765567,2.1896748719225
"1036",0.147409802749621,2.65710119336556
"1037",0.156164795183851,2.53157977628037
"1038",0.137662006963242,2.11556024117963
"1039",0.156168806258987,2.23548422019249
"1040",0.154968860493798,2.2114479339561
"1041",0.138847469068408,2.54522826313028
"1042",0.164639319176826,2.31794530651809
"1043",0.13955220801351,2.34597053074543
"1044",0.180088745915162,2.27387130690991
"1045",0.161287288504648,2.43518689286726
"1046",0.170129654281917,1.99021687049311
"1047",0.160634186326712,2.28289780939062
"1048",0.208028591732513,2.17226954176134
"1049",0.119086239810015,2.70286731674186
"1050",0.141878670515942,2.32071481950449
"1051",0.148327404646166,2.13179196523426
"1052",0.188151057069378,2.23378446564023
"1053",0.158386646936174,2.03657604477245
"1054",0.16235120412706,2.59710012064267
"1055",0.155676254414664,2.2066190466602
"1056",0.179700340832368,2.11119263911782
"1057",0.186164544822675,2.27229821247558
"1058",0.141015872619419,2.70433470033045
"1059",0.164402569780779,2.0003905550104
"1060",0.128271686502863,2.33672858581001
"1061",0.161698142190387,2.48651243307118
"1062",0.186268513303831,2.21490595096576
"1063",0.150951588182966,2.19596321209987
"1064",0.124686186422991,2.65007185256038
"1065",0.153695394568865,2.56983814334025
"1066",0.137141701356331,2.32561322081455
"1067",0.165357496948158,2.00590473290844
"1068",0.161434238736705,2.7114741443022
"1069",0.154609315126276,2.21614967024016
"1070",0.163931119283032,2.24016783973171
"1071",0.14068266573465,2.12746163542893
"1072",0.1451228878842,2.1285315487461
"1073",0.16882223012086,1.91698376895289
"1074",0.15391526534847,2.52467484371349
"1075",0.16049908568574,2.05910812477162
"1076",0.145767711324236,2.47440654145442
"1077",0.137380264156896,2.29740953832543
"1078",0.145165890938228,2.23950694036527
"1079",0.137518782921657,2.1292401978682
"1080",0.13508462564601,2.35475321413244
"1081",0.132872392179235,2.45923426041516
"1082",0.174344326864107,2.02765662570452
"1083",0.177062167349374,1.99379347461059
"1084",0.150117364954123,2.45164516879613
"1085",0.151006133821837,2.65221079745003
"1086",0.153565557015262,2.13469318079266
"1087",0.147244251395066,2.28548742946532
"1088",0.176792292727079,2.21135194534002
"1089",0.176242855107847,2.3724870665144
"1090",0.139168457789542,2.51168632141979
"1091",0.152396509082274,2.40767042135603
"1092",0.155740626986484,2.07347005261716
"1093",0.160373087938924,2.10242857651178
"1094",0.132959519930481,2.2944205410739
"1095",0.163367261506591,2.23514366154588
"1096",0.157479231071926,2.27577870990703
"1097",0.156068487660364,2.13636159510803
"1098",0.170566835074152,2.4845754897886
"1099",0.162057518686368,2.22168968280217
"1100",0.175029090396416,1.9618894579068
"1101",0.155358565344306,2.11559991420698
"1102",0.170871103581132,2.42462636602283
"1103",0.151638551208969,2.2118566992739
"1104",0.200274822722154,2.31435378927391
"1105",0.146696470906924,2.24956975481471
"1106",0.151101898924146,2.68203296533528
"1107",0.139905694651996,2.52500356134107
"1108",0.146776161304383,2.1372424308827
"1109",0.168195400198382,2.06465157197438
"1110",0.148279870659244,2.49033736123743
"1111",0.149987521096593,2.48537583126554
"1112",0.164341419053414,1.88643274787798
"1113",0.159395910497461,2.90678603970367
"1114",0.15313446361221,2.3301984156617
"1115",0.153305495624073,2.39221637322586
"1116",0.144251525324625,2.52477952954045
"1117",0.206257056432805,1.85015353966123
"1118",0.180084774894812,2.25024315788337
"1119",0.163643690874324,2.23295285090963
"1120",0.182089228256475,2.79772127991451
"1121",0.150417295672437,2.32853224340274
"1122",0.185732503981927,2.30850471065565
"1123",0.145782799511677,2.12032506950957
"1124",0.188553183516645,2.06861967411416
"1125",0.17596385936177,2.61026324723155
"1126",0.200596657069903,2.0695786590896
"1127",0.174124460158004,2.02358247217069
"1128",0.187387552399225,2.08056135015483
"1129",0.133741925795789,2.57638549980152
"1130",0.165065807978556,2.04001832253285
"1131",0.155377690811106,1.83248419926353
"1132",0.134220383347215,3.09090975694257
"1133",0.195318020980315,2.04087777815736
"1134",0.144752050562659,2.19279731727661
"1135",0.163013765165597,2.39072790520547
"1136",0.178567666162857,2.51658256744795
"1137",0.160531773253777,2.07796143753196
"1138",0.186206341393754,2.23272121342165
"1139",0.158887074186635,1.91276013832709
"1140",0.153008384029336,2.17318036591867
"1141",0.178564994746663,2.34065557843686
"1142",0.156962743522582,2.51068398128885
"1143",0.196707702439974,2.05638607661986
"1144",0.164539535871552,1.9688428699668
"1145",0.174598601237643,2.3564925538831
"1146",0.147280290975748,2.23289706969765
"1147",0.143395111688614,2.55814185151796
"1148",0.155954111734972,2.32896749015822
"1149",0.162092085962748,2.51447016933548
"1150",0.16461920694958,2.4921454417607
"1151",0.145937391218731,1.9957910839531
"1152",0.147606748411474,2.45460783599599
"1153",0.176549197757894,2.22610548864373
"1154",0.141283227063352,2.39938123149287
"1155",0.132221266911963,2.35825110397973
"1156",0.168447953900935,2.46618246345976
"1157",0.18072690311494,1.92372202223188
"1158",0.164150478691246,2.30602563468389
"1159",0.170407021551916,1.9653076098215
"1160",0.200918489806091,2.07241008090287
"1161",0.153053543473336,2.20554327731239
"1162",0.140832309308266,2.66527166029913
"1163",0.183106198557791,2.21789805770422
"1164",0.178353632490041,2.22756422414838
"1165",0.128217483096283,2.1555971269756
"1166",0.22994604998545,1.85924085508426
"1167",0.178168038792932,1.98538415694269
"1168",0.144082312538588,2.2294625241382
"1169",0.137363705304888,2.09776214951948
"1170",0.166968834393154,2.31218527060717
"1171",0.135131520266614,2.37673218135905
"1172",0.139122051495584,2.01614211734203
"1173",0.127870198535962,2.41200404788265
"1174",0.152847149455207,2.18546091608407
"1175",0.197508194085335,2.42522424610151
"1176",0.131805304202046,2.38990386596127
"1177",0.15167173214274,2.37344990998968
"1178",0.167232475512253,2.39835276901476
"1179",0.173478512597947,2.35018428810315
"1180",0.185174551251194,2.24181560278588
"1181",0.148948792020645,2.23537867741318
"1182",0.166442956633196,2.46264503074825
"1183",0.162352966670125,2.45226898710137
"1184",0.165368039188396,2.09576308409319
"1185",0.136205067255217,2.54918834982761
"1186",0.135276629714224,3.03036302035816
"1187",0.133707778256629,2.41557629133786
"1188",0.16179421655499,2.1790107032927
"1189",0.153839850248671,2.37127415892476
"1190",0.151605932316183,2.22502539054749
"1191",0.143452847092582,2.29795386686564
"1192",0.176287141029612,1.96326768718338
"1193",0.151783372278722,2.45792632867435
"1194",0.169031209722236,2.34754038846851
"1195",0.169221156426334,2.08076438811743
"1196",0.133287161705058,2.19330487866386
"1197",0.147595454877434,2.54596086301054
"1198",0.174470490475897,2.1734147129541
"1199",0.170354915042565,2.21704479391255
"1200",0.123729203972992,2.7110840395556
"1201",0.171808844920266,2.10816936364173
"1202",0.145150232375083,2.34851888609712
"1203",0.191653424025371,1.9633528223284
"1204",0.144272851388183,2.4099955835037
"1205",0.158066346569601,2.51293103990454
"1206",0.142980952340669,2.58918093021424
"1207",0.115982092766506,2.16726862387616
"1208",0.160891374099141,2.31587573285106
"1209",0.177085845631661,2.60632059068982
"1210",0.148086920004614,2.16774989231107
"1211",0.159553741569966,2.2730370336542
"1212",0.183545248853019,2.3062559976468
"1213",0.17425630403895,1.81015528882774
"1214",0.16330040616603,2.26176450460313
"1215",0.143859737892864,2.45783397085327
"1216",0.168188437166324,2.21118315995451
"1217",0.174999542920147,2.37931655397543
"1218",0.162852757633065,2.08074710290447
"1219",0.165965202082868,2.47237978328018
"1220",0.15181616896074,2.30797829881548
"1221",0.156682674515948,1.9330591376347
"1222",0.170221565734575,1.84836760513396
"1223",0.155398277772526,2.49846896217633
"1224",0.137178015452576,2.25333752010444
"1225",0.152870696118696,2.11357731052522
"1226",0.117151454760782,2.81798724421768
"1227",0.158551007515143,1.95340951523112
"1228",0.144044242782357,2.57351072907479
"1229",0.161866256061269,2.05461060319408
"1230",0.153084352066163,2.08510311003033
"1231",0.149563148113039,2.56848873323479
"1232",0.132354222307801,2.28072300810049
"1233",0.157338061940711,2.32449740335882
"1234",0.159467090616742,2.43493076266545
"1235",0.144893078942155,2.2490731083823
"1236",0.162226145916515,2.02788525658902
"1237",0.178115153365945,2.35316194998548
"1238",0.144947836980979,2.53434594485089
"1239",0.154708120559901,2.38110327264546
"1240",0.151608436830298,2.22601612772934
"1241",0.153281406613701,2.49423324932872
"1242",0.139686157304657,2.48716375700151
"1243",0.194449153280949,2.39449093127448
"1244",0.190285677047913,2.20723178499398
"1245",0.177844726559929,2.24324645156211
"1246",0.159078441775067,2.3992533536119
"1247",0.192560654264704,2.02884938148841
"1248",0.137078574853093,2.25771142740193
"1249",0.152435263832425,2.38894846674436
"1250",0.156241226030138,2.3596897413601
"1251",0.126279184986103,2.20763910331676
"1252",0.132048250180927,2.13113958073824
"1253",0.167432032138872,2.24312070349006
"1254",0.163643919663498,1.99926457401042
"1255",0.154916992676417,2.07263124191784
"1256",0.179676299162817,2.02657053561893
"1257",0.167559252564855,2.38913554192009
"1258",0.158269423909006,2.25777902338237
"1259",0.128964046433971,2.20422882886497
"1260",0.151081115505022,2.07009247199194
"1261",0.140781425740174,2.19466720973427
"1262",0.152747813001602,2.54229549838457
"1263",0.15684057587302,2.00737205889825
"1264",0.173945102884539,2.40837266581092
"1265",0.136910852951397,2.62576476697988
"1266",0.137094310991827,2.41297248899018
"1267",0.158219299691069,2.39351192252288
"1268",0.136667589044385,2.24232214960427
"1269",0.187912031175566,2.26988840284901
"1270",0.141879414237901,2.30502724665769
"1271",0.156909781951105,2.09303764741163
"1272",0.162980835826345,2.02600990095307
"1273",0.159261527407331,2.1443568487104
"1274",0.147999771421709,2.14590521731993
"1275",0.140300472225658,2.16859031474821
"1276",0.149239000371509,2.03178485818677
"1277",0.12513539306062,2.41217670090757
"1278",0.157565115847947,2.12685873627621
"1279",0.159508066591069,2.24165913386169
"1280",0.152323229697834,2.09529423849525
"1281",0.152817535201009,2.14573638736681
"1282",0.125550316595408,2.26155605258245
"1283",0.174401922078739,2.25516193824728
"1284",0.130347009359827,2.20264810307656
"1285",0.154202292846996,2.26563890124378
"1286",0.143479104275439,2.10656546227532
"1287",0.144007036956267,2.37054815947594
"1288",0.166438666079485,2.40377071857697
"1289",0.174351631317685,2.19368064059054
"1290",0.147826936427067,2.14974717046438
"1291",0.13957447555139,2.48155825255757
"1292",0.141382817753316,2.32556142548986
"1293",0.158645160826932,2.27677594724951
"1294",0.148045526370567,2.15220577346691
"1295",0.172757315140697,2.2474162031521
"1296",0.146568931127225,2.34964839132897
"1297",0.140318157429819,2.30900542796601
"1298",0.180402376523386,2.02589969594983
"1299",0.21072959614418,1.91515461843318
"1300",0.190188594195725,2.19381453439232
"1301",0.170094747165792,2.39190063416274
"1302",0.136931843269037,2.56664168431542
"1303",0.14979476650279,2.25374530505407
"1304",0.159746849524636,2.02658884932528
"1305",0.157408401931825,2.22656889983105
"1306",0.16679231438675,2.48578264255381
"1307",0.149666621154014,2.1225856783903
"1308",0.166480108364424,1.8197776587429
"1309",0.143935899839786,2.52475449092698
"1310",0.158930856451052,2.00225797760614
"1311",0.178792269875227,2.15568470448381
"1312",0.138864833996969,2.51374962832257
"1313",0.128945380017737,2.33026103166418
"1314",0.119261175043999,2.53992679485036
"1315",0.155482648543369,1.90309053800945
"1316",0.163459776241242,2.28787195976275
"1317",0.174233512543973,2.11711899151048
"1318",0.149556073529196,2.25210243323856
"1319",0.189276589334796,2.02641653871989
"1320",0.15440881521261,2.05059198809377
"1321",0.163940298219821,2.26424296044181
"1322",0.164411375645884,2.2406272822973
"1323",0.148211179283686,2.43803380422484
"1324",0.165890308445826,2.03976389802753
"1325",0.174764253909089,2.25758432396534
"1326",0.172228960304668,2.0469569604012
"1327",0.158887727887184,2.36938273744432
"1328",0.152155717234884,2.39538798147709
"1329",0.152190298393992,2.0351900756243
"1330",0.144284385568012,2.68445768480419
"1331",0.160678588480386,2.33250604725621
"1332",0.150991523587673,2.04907610636165
"1333",0.151926097509715,2.06293908573492
"1334",0.183038128946484,2.24323409597076
"1335",0.141753805351927,2.57807089956225
"1336",0.136695614101057,2.52707392089086
"1337",0.137938920621266,1.9805685352882
"1338",0.174255287563446,2.10958343315931
"1339",0.136876679377924,2.60430470831004
"1340",0.174764837906929,2.1743316192156
"1341",0.17058817342893,2.11647231436867
"1342",0.149300349075806,2.0216472491833
"1343",0.140468977210254,2.67771738880948
"1344",0.160829530787342,2.08485604964771
"1345",0.201196253349948,1.90746962494471
"1346",0.166451879700584,2.42138033536142
"1347",0.159708827090791,2.34995563469415
"1348",0.144345882903034,1.93888449807863
"1349",0.188162249287511,1.92418456279307
"1350",0.166679712527841,2.51423903671685
"1351",0.125186020734425,2.40254599715372
"1352",0.148979362689819,2.27814073152881
"1353",0.166425354754451,2.09469309498474
"1354",0.168868357729829,1.93542724609644
"1355",0.176598349853397,1.8842048373023
"1356",0.150732048333577,2.08799715656346
"1357",0.176199989178484,2.18285607716436
"1358",0.161678153537809,2.21464367810244
"1359",0.170313666703514,1.96293812259704
"1360",0.139473031363952,2.6001073047716
"1361",0.148863820954928,2.55931959597779
"1362",0.150844298495259,2.01647919316812
"1363",0.170452638739154,2.33542654486323
"1364",0.13396272686277,2.34645032065739
"1365",0.181541551549403,2.10697111322556
"1366",0.192232503410285,2.08113519443203
"1367",0.158941920847413,1.97426679023652
"1368",0.160581290135141,2.10390360062058
"1369",0.16069452530141,2.27956777167642
"1370",0.126292120712742,2.30534630766176
"1371",0.163879442979346,2.39421852501339
"1372",0.158079195072702,2.34048744107254
"1373",0.168525612217691,2.38858080527522
"1374",0.197868440503756,2.01584486957949
"1375",0.145876389732966,2.33011048287928
"1376",0.139002417678758,2.26095246669145
"1377",0.179633377558535,2.30051460385435
"1378",0.160585490278389,2.09789714769753
"1379",0.141760227244686,2.14133423889407
"1380",0.15977938625719,1.96542429191742
"1381",0.141366626690584,2.4734143810384
"1382",0.126294039745812,2.70856876075124
"1383",0.16783111458243,1.96904358261671
"1384",0.164231339865206,2.12048855462734
"1385",0.133194309581568,2.47022697150894
"1386",0.18041400702557,1.99168753164382
"1387",0.166093297330506,2.52107746929385
"1388",0.168402205514196,2.50371984803187
"1389",0.161853188622937,2.44728546672963
"1390",0.162293471019534,2.37995430965642
"1391",0.127929724400747,2.16823526139832
"1392",0.151924323932533,2.76193653781605
"1393",0.17165382982152,2.22125315333152
"1394",0.143256182460563,2.47716280229643
"1395",0.151007401506423,2.13927047373287
"1396",0.184354762826442,2.41831257736372
"1397",0.129540734673302,2.3683645543217
"1398",0.128542358831463,2.37893114121379
"1399",0.133750520885302,2.45679749836159
"1400",0.166319288372723,2.04595844381275
"1401",0.17817048060121,2.58486842755978
"1402",0.136536392395315,2.49175875739084
"1403",0.175303516661413,1.90027345359638
"1404",0.147725383790953,2.34670599528698
"1405",0.162777159695765,2.19631585855471
"1406",0.170027693050667,2.44433778091031
"1407",0.19042553516599,2.16108536393153
"1408",0.163420718383099,2.31939977689915
"1409",0.138209681735993,2.41802753081085
"1410",0.155216883642409,2.56101961906865
"1411",0.129360825658793,2.60783429506846
"1412",0.169937941823273,1.86631587668283
"1413",0.172048659543003,2.25320759468758
"1414",0.163598519451717,2.12565776292867
"1415",0.195462698929331,2.25486752933378
"1416",0.148476495551348,2.35518054665471
"1417",0.138259673772144,2.44629106633207
"1418",0.141922962409736,2.29465480842335
"1419",0.15811432511184,2.4155347181638
"1420",0.133456163719035,2.51843831107412
"1421",0.167504486682629,2.27550394687021
"1422",0.178159358282729,2.31455571876568
"1423",0.137112095262472,2.13005474234029
"1424",0.194001614738318,1.88894432401591
"1425",0.147604737486443,2.35757208102776
"1426",0.160358032828139,2.07689636055462
"1427",0.174671695943483,2.85960208268183
"1428",0.143713424553838,2.53153730895705
"1429",0.175526308759659,2.19684176463763
"1430",0.178831711183526,2.00436017731545
"1431",0.175693032596491,2.49164956530745
"1432",0.181305601910577,2.50922940642354
"1433",0.166457227753312,2.09571316715747
"1434",0.149704985038142,2.1362631242937
"1435",0.200042671909173,2.43716255322221
"1436",0.143898340767072,2.0800100881716
"1437",0.125623369364746,2.27080746010559
"1438",0.140412219328693,3.0448393470293
"1439",0.143798826864692,2.4174303030411
"1440",0.152541097744812,2.36774042605261
"1441",0.137011116818846,2.07354081634005
"1442",0.171040485688864,2.45693944214212
"1443",0.158381004092758,2.59809573732053
"1444",0.159479466636777,2.10895707581265
"1445",0.168295520541751,2.33682358989753
"1446",0.170274824118305,2.23650920049288
"1447",0.140249440656791,3.07817227123905
"1448",0.13973782074398,2.52626989689818
"1449",0.140117073755408,2.15279012713412
"1450",0.164026462760817,2.18658046797114
"1451",0.154271042940975,2.17098208070414
"1452",0.133308483993776,2.0059663604268
"1453",0.156161802321178,2.37815662183175
"1454",0.13446129061936,2.45924287951355
"1455",0.149455021974648,2.28641473610855
"1456",0.140520319693131,2.3930850886128
"1457",0.121990989770128,2.38318333848285
"1458",0.154514074196764,2.50130437525442
"1459",0.175000128661484,2.16673363759233
"1460",0.164307677571935,2.05680193239616
"1461",0.193320382437836,1.84801154175141
"1462",0.135389834420079,2.28729253628001
"1463",0.195125370299207,2.24662670440145
"1464",0.187614191490384,2.11205628758025
"1465",0.1856585940512,2.0232945874505
"1466",0.156765221073432,2.16630837134344
"1467",0.177808427803601,2.2257651772361
"1468",0.131353383936355,2.63843625489754
"1469",0.14705334683024,2.47584669180017
"1470",0.186882616757005,2.35913009946295
"1471",0.126696457649136,2.32252517189223
"1472",0.122088495288032,2.2140858533615
"1473",0.145127956190159,2.50585448862231
"1474",0.145959007991166,2.23234791678297
"1475",0.135054720419177,2.34208890987339
"1476",0.165092090480285,2.10871599617578
"1477",0.154016288048073,2.48671597699597
"1478",0.125179330775379,2.55012906052659
"1479",0.138462271520881,2.25159206549419
"1480",0.156361154291007,2.20087561903512
"1481",0.180242576275637,1.83568602542487
"1482",0.160250881970409,2.03211474710337
"1483",0.18126912572176,2.33025460965296
"1484",0.1683142319658,2.22604056845792
"1485",0.144990489550478,2.52099858773747
"1486",0.146918715817813,2.42747107177654
"1487",0.134219573009339,2.5524190155388
"1488",0.170377404519906,1.99147452760326
"1489",0.163861333605901,2.12642583944772
"1490",0.159550309448567,2.1006560720494
"1491",0.178480391259897,2.11927484341104
"1492",0.158932118583368,1.93309205759747
"1493",0.162424547873591,2.04075948429705
"1494",0.147397975510586,2.09703821931975
"1495",0.162377960964213,2.43717615652002
"1496",0.140415107717672,2.41397550665343
"1497",0.142893783102759,2.36204009503464
"1498",0.169742763825024,2.19651284012446
"1499",0.195838831189878,1.76125590815551
"1500",0.146263601179045,2.67225042945879
"1501",0.17405533294556,2.26152140315387
"1502",0.162546247911373,2.16218200435774
"1503",0.164481647070056,2.56861960660402
"1504",0.159767636294627,2.38281676024967
"1505",0.164589368757601,1.94457316170862
"1506",0.156015182522119,2.24266463125627
"1507",0.182155318157164,1.86878051247568
"1508",0.167553782687759,2.15854532370441
"1509",0.14648287883496,2.47207823378136
"1510",0.147787370553847,2.13921537948278
"1511",0.166747609275107,2.85083769020177
"1512",0.137501553103458,2.23430201781079
"1513",0.15907735685462,2.23642484428568
"1514",0.174076258432171,2.05779063748488
"1515",0.139675655747613,2.70147814599774
"1516",0.193404860645791,2.1837656149059
"1517",0.127747896196871,2.09548602891934
"1518",0.160633443819192,2.33740454430692
"1519",0.144070309752184,2.39971546534824
"1520",0.168460056683352,2.24290500628285
"1521",0.115214340695832,2.62422033774529
"1522",0.151975045133518,2.22346616382934
"1523",0.15852315987194,2.34920354208189
"1524",0.159564045970809,2.29028207197521
"1525",0.129214674676678,2.30016189616952
"1526",0.156865152309145,2.28568508358497
"1527",0.165484928765868,2.19478982810624
"1528",0.17544974764114,1.78808977903699
"1529",0.163936724578797,2.17176664906512
"1530",0.137485621073526,1.9586331210744
"1531",0.183651900826056,2.15116321327556
"1532",0.145210909317601,2.24179629147059
"1533",0.192826438103984,2.20330372710982
"1534",0.166695498701477,2.25132800968391
"1535",0.171417290291804,2.28363995271464
"1536",0.150273479807427,2.30313335663097
"1537",0.157606002193968,2.0063151427976
"1538",0.141635372579255,2.12563357366608
"1539",0.171433271440806,2.27689180623496
"1540",0.11795442379317,2.44431250550731
"1541",0.195839346386453,1.98740536553889
"1542",0.166601482671583,1.9045830597779
"1543",0.171868030553707,2.24695583812212
"1544",0.131662331831104,2.1717219961974
"1545",0.169030266885815,2.06026059085932
"1546",0.160024534040604,2.33617233903818
"1547",0.136584134545703,2.63485939546086
"1548",0.183582547988824,2.17935767173785
"1549",0.150983532896819,2.77942321037604
"1550",0.137837884807239,2.28769573314909
"1551",0.145913817081641,2.25691564970938
"1552",0.180020390626378,2.27500384792155
"1553",0.170698640552283,2.7365570819504
"1554",0.174268316026356,2.09198737960305
"1555",0.158971637663596,2.17871533927108
"1556",0.153647963723145,2.0012757408573
"1557",0.151542698569764,2.17655484779419
"1558",0.149107096370393,2.26415538883301
"1559",0.161925684227974,1.96191403655708
"1560",0.158976065863756,2.32718158346722
"1561",0.13993025729838,2.70506163650196
"1562",0.147950371463743,2.20917471164366
"1563",0.153400137987296,2.07760086927315
"1564",0.149094765873102,2.25493623206862
"1565",0.12895277295398,2.60743552282344
"1566",0.197071244720215,2.05267496899523
"1567",0.166731550112029,2.6378088387601
"1568",0.156486694850643,2.12682890860617
"1569",0.172634768021562,2.05730225768446
"1570",0.152578541363928,2.19105635632894
"1571",0.151561948403036,2.45911389668057
"1572",0.171784205264081,1.97334557498605
"1573",0.171489446973521,2.33714259238247
"1574",0.134758459314399,2.4284206266184
"1575",0.194528186653905,2.5950402573534
"1576",0.184081430518038,2.01599898307784
"1577",0.143030014163009,2.39527301183405
"1578",0.165839761844778,2.33334801935359
"1579",0.132554605746695,2.34317460029146
"1580",0.144458979554127,2.13315019126641
"1581",0.176426303336257,2.40236875862806
"1582",0.150334574778182,2.17411495060829
"1583",0.140655420988004,2.61281489850114
"1584",0.180272922281296,2.1753222130067
"1585",0.148025020236237,1.95669169052438
"1586",0.15052227412433,2.21733579233641
"1587",0.162774497903382,2.7565194550753
"1588",0.179770290663056,2.36454892312436
"1589",0.158592079232826,2.15014507966643
"1590",0.148846367038683,2.42636756465568
"1591",0.166981344514069,2.26663482172913
"1592",0.159805244411826,2.03119049533433
"1593",0.163275596001667,2.2025733531252
"1594",0.167119159589458,2.20138138302129
"1595",0.123850507535292,2.42549629566868
"1596",0.157502161039498,2.35291719398421
"1597",0.149717905785791,2.12898633198529
"1598",0.154713581889117,2.1618550639096
"1599",0.160809810501772,2.19943647612299
"1600",0.171644911812975,2.14690643607452
"1601",0.158660538684869,1.95261591389352
"1602",0.164605026722553,2.23792017334994
"1603",0.18783569357033,2.20263435771025
"1604",0.136635989854529,2.18406250723886
"1605",0.152402719611929,1.82870204744892
"1606",0.150348119046527,2.4270166210464
"1607",0.181197706982121,2.08833669057544
"1608",0.170123819260773,2.07195080977686
"1609",0.17084721556214,1.91014858842222
"1610",0.14742608466298,2.36276981306356
"1611",0.154118236358439,2.69483810302773
"1612",0.163797802347385,2.27218117926993
"1613",0.15157559014535,2.33630240811732
"1614",0.163654342834101,2.10768634530502
"1615",0.187511814858271,2.17653590659441
"1616",0.175298741517128,2.44808969566483
"1617",0.13853229535479,2.16540282928053
"1618",0.17930221690646,2.1740660824239
"1619",0.135376657828807,2.68123053656728
"1620",0.176280436355299,2.20683962404902
"1621",0.163246070881965,2.57322650426754
"1622",0.118728876817624,2.59126979116763
"1623",0.134033465812518,2.78677598074107
"1624",0.159640675033089,2.42704054647703
"1625",0.177816223703576,1.81672515022205
"1626",0.138525409143051,2.41872845232985
"1627",0.17055239387513,2.06089663070065
"1628",0.146882159819568,2.66331918478403
"1629",0.131324210733374,2.31375473368619
"1630",0.122993606062816,2.21068751033501
"1631",0.171995746429245,2.44562816836494
"1632",0.13010287032188,2.48556229631828
"1633",0.153603886367638,1.99768361935046
"1634",0.149586995879933,2.63358860950453
"1635",0.160029066802377,2.29612187992951
"1636",0.172796535479333,2.29650183805116
"1637",0.181387026764873,1.93203666063265
"1638",0.157491923530883,2.24879873238138
"1639",0.164080389489709,2.77694697740504
"1640",0.167408683285623,2.03983579667017
"1641",0.162035937741909,1.84137034374517
"1642",0.172006928616279,1.91751667155405
"1643",0.172434939631176,2.15785567579412
"1644",0.155742283027608,2.19887715498485
"1645",0.144763893556534,1.91909555660025
"1646",0.169076377019196,2.11223256712778
"1647",0.1440606390759,2.56961753599112
"1648",0.140601275258693,2.01111055962875
"1649",0.154763985841931,2.32894745258652
"1650",0.170440266306251,2.26446910146661
"1651",0.157090490453473,2.33460040871685
"1652",0.163688085638725,2.43639102805537
"1653",0.138082996546579,2.24840110763276
"1654",0.161418017511497,2.23440700443254
"1655",0.167090621687144,2.13261516721513
"1656",0.154533869536536,2.28219115725587
"1657",0.146481746015492,2.28204685507425
"1658",0.174892531177012,2.04277188753569
"1659",0.16567616063634,1.93103639250067
"1660",0.156100120840355,2.39033115074004
"1661",0.168719917644946,1.8936676863003
"1662",0.168282702362626,2.34226199371328
"1663",0.135474782277492,2.57732106545005
"1664",0.127415304084061,2.16375953444382
"1665",0.165542526796673,2.07052102964478
"1666",0.136287307123738,2.1360376389372
"1667",0.153279628656337,2.78738928704545
"1668",0.140016222072636,2.43844650119699
"1669",0.145921649501747,2.07555242272911
"1670",0.160988904070852,2.14114068843568
"1671",0.141961052099531,2.80467913315757
"1672",0.189711527138879,2.09967285261279
"1673",0.135644805453095,2.90680649970883
"1674",0.149633469563655,2.8108609614876
"1675",0.145984286243255,2.29218696948023
"1676",0.201582556522081,2.23557138830519
"1677",0.171856859185072,2.28552676840021
"1678",0.161622032358256,2.04256514329503
"1679",0.14897739702166,2.78072191182408
"1680",0.171954275830734,2.24344118829325
"1681",0.162323824067086,2.38305559616143
"1682",0.168023460823,2.36284047049853
"1683",0.126150779845461,2.1155237359621
"1684",0.164204200393677,2.4762803602746
"1685",0.161876746593266,2.50172625997659
"1686",0.166366269081013,2.00771712815143
"1687",0.162163776562669,1.99796696689148
"1688",0.142582982405587,2.16058681514235
"1689",0.182420801386592,1.79910336131796
"1690",0.129895953950139,2.48983385162426
"1691",0.184874355582035,2.08351735216499
"1692",0.158220242133619,2.06756144163413
"1693",0.161052048718489,2.02544400212118
"1694",0.161742833960402,2.20345857597735
"1695",0.16725371655723,2.37061398082459
"1696",0.141805408179934,2.58897325835128
"1697",0.172764712876371,2.1112611759017
"1698",0.17494925001789,2.17520554643299
"1699",0.174198408287879,1.93905444140551
"1700",0.187974229809388,2.16167985010449
"1701",0.18716864682696,2.1845600174117
"1702",0.116587030097823,2.39324326836795
"1703",0.174500757227368,1.94955849326791
"1704",0.143256242118144,2.26185645532029
"1705",0.145364377490843,2.16994827158897
"1706",0.141147358924689,2.41090878906871
"1707",0.16928822198209,2.03139341957362
"1708",0.229242275906473,1.91540756435283
"1709",0.145972960569679,2.22963627296591
"1710",0.138763957931475,2.91297546456146
"1711",0.156387305901757,2.10918825732166
"1712",0.156207965250502,2.20646404501777
"1713",0.149690161411156,2.21190328483449
"1714",0.157708082752547,2.41216474035115
"1715",0.16133138267137,1.68388816872933
"1716",0.158416119279585,2.23002466119269
"1717",0.152779488205963,2.09861837623522
"1718",0.158971296296425,2.94803422452872
"1719",0.159345984505031,2.34047516413115
"1720",0.157955092390334,2.70350191530975
"1721",0.1508335472682,2.15514693776594
"1722",0.200576006625115,2.07026984078969
"1723",0.163438864778061,2.32522339698885
"1724",0.129847149249375,2.09135859843208
"1725",0.166519569725362,2.16010415471388
"1726",0.149039908666877,2.3208868233704
"1727",0.125767632699485,2.62814978472252
"1728",0.187217092259684,1.98149895210927
"1729",0.152121089004016,2.34358045380879
"1730",0.158215537973158,2.12499023225051
"1731",0.169774085150582,2.03206029655303
"1732",0.188729313767915,1.92877353202232
"1733",0.155293044616926,2.48323893754716
"1734",0.157426299754559,2.22090783348472
"1735",0.1411997532873,2.53421085337517
"1736",0.157692810002438,2.43200308172734
"1737",0.167333106027787,2.46149066956981
"1738",0.173316638810963,2.09413373682494
"1739",0.156900749779091,1.8722844306896
"1740",0.15571709628628,2.638887358098
"1741",0.16823059488355,1.95191020650828
"1742",0.154346709825578,2.07114973034119
"1743",0.151186594967295,2.59131001599414
"1744",0.167665072173284,2.08648993042328
"1745",0.161142465536503,2.18117586965612
"1746",0.171527544307699,2.41549867821235
"1747",0.174004530427845,1.94439681901039
"1748",0.152570303002621,2.02953942484206
"1749",0.160560242865972,2.77615121470105
"1750",0.159161460516146,1.96482120752562
"1751",0.155572010491004,2.03250089343714
"1752",0.142514392974489,2.15451862788047
"1753",0.158308134593362,2.24645178258645
"1754",0.166872676842165,2.17240662999308
"1755",0.150699553851068,2.0991276538404
"1756",0.152799988831931,2.37164709032801
"1757",0.187360611499084,1.7824824875826
"1758",0.154411673190413,2.06138230481088
"1759",0.166236138675107,2.30100071863386
"1760",0.152779474621601,2.08684889172337
"1761",0.141601777308027,2.49271988563348
"1762",0.1622566968194,2.08855928253943
"1763",0.170720653206208,2.71920000080804
"1764",0.166620731502172,2.42966226061132
"1765",0.16366422189404,2.48372256237453
"1766",0.152060855137051,2.19056042336189
"1767",0.168684643483751,2.26618887243974
"1768",0.1621155935748,2.43156391883174
"1769",0.185549139729319,2.4768224858274
"1770",0.169705995572041,2.26730104474527
"1771",0.154346804208545,2.58650606092884
"1772",0.136349348482782,2.45045975335122
"1773",0.153332846817047,2.25554387332758
"1774",0.164569686753246,1.96674547703536
"1775",0.146009366308452,2.28447250175948
"1776",0.159847260071851,2.27717206551899
"1777",0.149777334381857,2.27565814188505
"1778",0.146614441374849,2.49358210976499
"1779",0.16063025572235,2.19779120494495
"1780",0.175920600181039,2.16627612842482
"1781",0.189286773959454,2.35317208365404
"1782",0.155360880134247,1.89494354290344
"1783",0.152795486319631,2.1300553610511
"1784",0.116485928421182,2.3294373289984
"1785",0.154313897569846,2.02023033877151
"1786",0.163732883433955,2.21247558186078
"1787",0.142845824916682,2.48129553336585
"1788",0.167217170872451,2.20845952084904
"1789",0.166553768730483,2.10666449086067
"1790",0.13834475432686,3.06072725085966
"1791",0.17966517019217,1.91696791470854
"1792",0.194503746696781,2.21669807356108
"1793",0.164008662842633,2.05157192882768
"1794",0.122163521977924,2.27530829085081
"1795",0.176219447401764,2.18461326526762
"1796",0.139746214573637,2.4733015300853
"1797",0.177148810975743,2.19816543405117
"1798",0.171998528024159,2.19110137416374
"1799",0.173060286916402,2.00903507992766
"1800",0.15492452425633,2.43124626651379
"1801",0.170767176402718,1.89020574688883
"1802",0.169438690100905,2.17289764640304
"1803",0.18020789849538,2.02275350548409
"1804",0.162575767890159,2.16892993697009
"1805",0.148686694953611,2.54621018674594
"1806",0.172615279005752,2.00220594237479
"1807",0.129566001991191,2.36843984753489
"1808",0.13519700683913,2.60293022081796
"1809",0.160109095591637,2.44067429576281
"1810",0.148367178273159,2.27651723181566
"1811",0.151757911187433,1.99107005082488
"1812",0.151269344250371,2.19912185743289
"1813",0.167748804458938,1.99361967649729
"1814",0.175591557656939,2.16777362810103
"1815",0.151977934544623,2.41013214698588
"1816",0.171119117950331,2.07095467936605
"1817",0.172498546841601,2.05162678816812
"1818",0.136509705778239,2.74576126643357
"1819",0.166716372900335,2.45520575752128
"1820",0.167076341347313,2.03346242476382
"1821",0.18251241962958,1.94826280349243
"1822",0.196554618612139,1.97777254204613
"1823",0.145861175084609,2.03094267963829
"1824",0.15958510686047,2.22009665260602
"1825",0.158994178325513,1.96744099777031
"1826",0.147068287118625,2.39816081838396
"1827",0.126635301783162,2.46928777105498
"1828",0.152422924909359,2.26125635270882
"1829",0.138242965630099,3.09145462838253
"1830",0.1443107545408,2.54319581007399
"1831",0.189492639290978,2.51356641417098
"1832",0.178622944618774,2.13221702358896
"1833",0.18422422724768,2.08375859836411
"1834",0.171305082692965,2.16661270483416
"1835",0.138950697299309,2.00674672691624
"1836",0.14161658830936,2.61903976039327
"1837",0.166981871618245,2.12500982984342
"1838",0.146687677803895,2.01869797522964
"1839",0.147863359567981,2.1601443027969
"1840",0.177961145639547,1.99172399266997
"1841",0.156636130035641,2.52759226252112
"1842",0.14437748735943,2.35003563003361
"1843",0.157789414043493,2.18703937941578
"1844",0.152749877963185,2.12970619916018
"1845",0.151260943923699,2.30884474416716
"1846",0.191601425652926,2.32674474133632
"1847",0.149539621030474,2.33234445485218
"1848",0.144656567815262,2.35306202683362
"1849",0.165888555481427,2.08803543614426
"1850",0.16003162914703,2.35252014698173
"1851",0.149581271760711,2.11992697714706
"1852",0.15172071525688,2.09522821362918
"1853",0.156606236895819,2.644879654568
"1854",0.151682414246272,2.35421403168118
"1855",0.166331352081914,2.30118067226503
"1856",0.129257419304006,2.18474745498777
"1857",0.140164472336963,2.21776360106029
"1858",0.171933563788438,1.97606199777036
"1859",0.119221015656812,2.44236855354855
"1860",0.182347893626748,2.16174522175772
"1861",0.160466347086812,2.37263446583747
"1862",0.203798568947126,2.1188558201838
"1863",0.141723384501867,2.42479436226994
"1864",0.162208877803624,2.77793265556976
"1865",0.179051482926501,2.25862469442137
"1866",0.132122958063063,2.35584615386237
"1867",0.116537947259033,2.84730729473827
"1868",0.168321867676077,2.07688705210998
"1869",0.1665504700231,2.00163886681761
"1870",0.190237489843959,2.08331437420145
"1871",0.183657984641542,2.07725445332727
"1872",0.173770716001793,2.67116394839813
"1873",0.155852897878803,2.05509600617922
"1874",0.183023953194054,2.16874492985895
"1875",0.176044545587032,1.9941137855035
"1876",0.16763588892693,2.68398241160409
"1877",0.130278480867891,2.2956538300196
"1878",0.162822756424959,2.58722476210836
"1879",0.140040620491843,2.22453947211148
"1880",0.13454647265832,2.0619747788593
"1881",0.172311714324288,2.30902809170541
"1882",0.165790228054052,1.96943074974379
"1883",0.164769981827384,2.52746529622952
"1884",0.187076704685357,2.22507898734747
"1885",0.158491151776518,2.19165664328497
"1886",0.135796482080645,2.39354481181955
"1887",0.182186270245131,2.2399669600839
"1888",0.16314472328612,2.74410624303808
"1889",0.179678359690231,2.0080760479969
"1890",0.156714214454763,2.48294185484349
"1891",0.149572353114424,2.43807023494479
"1892",0.165474393255459,2.13127491586685
"1893",0.181041811071941,2.23483560768953
"1894",0.161308502880033,2.05628343039538
"1895",0.149408420982969,2.48649173514366
"1896",0.155786745883148,2.34304304730738
"1897",0.17603787014189,2.41910927782506
"1898",0.203044432322216,2.0636161646429
"1899",0.152031820802715,1.9708570689602
"1900",0.226119379167452,2.19843489950948
"1901",0.218671010444117,2.069657231353
"1902",0.16008986829257,2.09258986329977
"1903",0.15084826364357,2.60936055890256
"1904",0.188568531291457,2.47510180151129
"1905",0.165042538664813,1.79215605648807
"1906",0.177767775752238,1.98918153464604
"1907",0.141926205293751,2.01616458494009
"1908",0.149373472574519,2.22368619308118
"1909",0.188532310638691,2.16930781784764
"1910",0.157186790118583,2.09132310956615
"1911",0.140714321770619,2.53386374430521
"1912",0.185167692016948,2.24353527834635
"1913",0.126272775867982,2.30171354605725
"1914",0.148549103954395,2.08188208942092
"1915",0.15191862586895,1.99230005031018
"1916",0.143859958294141,2.66889600051059
"1917",0.148753083022634,2.56117141954036
"1918",0.194959686746861,1.95062985748868
"1919",0.152780008882868,2.49818140741382
"1920",0.156437291876201,2.21468549958317
"1921",0.158456681409192,2.35361663422672
"1922",0.151566571083906,1.88093392818626
"1923",0.1379043091187,3.06210206556732
"1924",0.163931152402632,2.22838931879869
"1925",0.149675758545442,2.05320887612743
"1926",0.134578456692198,2.37683100786787
"1927",0.138354328790803,2.47291187415104
"1928",0.21080066646291,2.85675610999483
"1929",0.165182268899528,2.19244674946459
"1930",0.183385284895955,2.09649846836034
"1931",0.166843837594955,2.62312034195582
"1932",0.178364739153152,2.01040040911411
"1933",0.178889213164781,2.34927184992537
"1934",0.155724244885823,2.00400292288224
"1935",0.146351973668118,2.6652292415102
"1936",0.181973012326678,2.11821992102211
"1937",0.174281488514841,1.98021513517233
"1938",0.14147325736397,2.62006432161551
"1939",0.153099094433288,1.9816624452639
"1940",0.16571925201162,2.28377106520444
"1941",0.157655034785311,2.29809435400875
"1942",0.159133764308452,1.92946477137855
"1943",0.159008525001689,2.10988083480222
"1944",0.13546116195365,2.45303350324552
"1945",0.208788485004834,2.2281035514444
"1946",0.160418616249858,2.11562364774956
"1947",0.160386446124029,2.08385952073629
"1948",0.140964159344837,2.50745234199192
"1949",0.144705031356002,2.38482868978546
"1950",0.15840649401643,2.31336228878495
"1951",0.163969606870184,2.3791692627672
"1952",0.181447479434585,2.21430055200735
"1953",0.172531562261899,2.59608523963391
"1954",0.141900332734914,2.7241768882217
"1955",0.137048547854957,2.15423734639792
"1956",0.177852314224429,1.97785009391635
"1957",0.147022441798946,2.12464750282449
"1958",0.130425386770623,2.24651546500203
"1959",0.144963945306693,2.12406165992151
"1960",0.169612189150426,2.1094821282492
"1961",0.152715140793063,2.59771398263386
"1962",0.145385080638537,2.53594126349134
"1963",0.199132223185343,2.35032190279185
"1964",0.21286576910194,2.10774653520116
"1965",0.181448595757369,2.43860082899367
"1966",0.163284379323544,2.25967310200712
"1967",0.151241940099934,2.55295705418402
"1968",0.14619858152156,2.18092907338423
"1969",0.14899122985225,2.12010970370313
"1970",0.140808659765876,2.1071212387597
"1971",0.177505461964382,2.08411564647177
"1972",0.167967534475278,2.59545111662231
"1973",0.161388956014159,2.14774768389467
"1974",0.20514771982268,1.74820598791052
"1975",0.113167065661542,2.43404553369526
"1976",0.162555883804931,2.60210976619065
"1977",0.156200994259061,2.32663136521862
"1978",0.159208387007262,1.9614393212851
"1979",0.163595258647358,2.29001113997211
"1980",0.152009570125487,2.17686471042202
"1981",0.161784079202157,2.28044150900637
"1982",0.171055857376694,2.3993975916796
"1983",0.146645055668743,2.73880578249585
"1984",0.16651739632984,2.18588058226618
"1985",0.156014224097851,2.66937179571313
"1986",0.154667758607506,2.19164727378502
"1987",0.170642234976219,2.03159125343779
"1988",0.134748278137503,2.54461488459093
"1989",0.165416951761827,1.94433375108449
"1990",0.19119756718569,2.40948460997448
"1991",0.136423081811177,2.45871041307673
"1992",0.168138908552491,1.95791055793657
"1993",0.160198423200272,2.58378441886645
"1994",0.208240296976289,2.16775161092541
"1995",0.202227993857255,1.94456337724455
"1996",0.183423229914424,2.050632378938
"1997",0.133563647826234,2.37251524645519
"1998",0.143761167918747,2.26734518010604
"1999",0.161683152462307,2.25352981504007
"2000",0.151717166171243,2.13823899325829
